id,texto,categoria
1,yo te considero una colega de la industria,trabajo
2,académicamente soy psicóloga laboral,trabajo
3,me apasiona mucho mi carrera,trabajo
4,fui a hacer un diplomado en,trabajo
5,en mi tiempo libre me gustan mucho los deporte,personal
6,"mi carrera es parte de, de mi estilo de vida",trabajo
7,Experiencia de ingreso desde el primer contacto,trabajo
8,trabajar para una empresa,trabajo
9,Quiero emprender,trabajo
10,El desconocimiento era lo que más primaba de que las empresas no te ofrecieran lo que te iban a ofrecer,trabajo
11,Me falta experiencia laboral,trabajo
12,es supercomplejo reclutar un talento de alto valor,trabajo
13,Es muy dificil reclutar a una persona con mucho talento,trabajo
14,Tengo que entrevistar una cantidad impresionante de gente,trabajo
15,Me sorprendo mucho cuando nosotros llegamos a las empresas y vemos amonestaciones,trabajo
16,Me sorprendo mucho cuando nosotros y vemos que el empleado falta,trabajo
17,Me sorprendo mucho cuando nosotros vemos que el empleado llega tarde,trabajo
18,yo me siento cohibida porque,personal
19,me cerre porque entonces ya mi mente no está fluyendo de la forma que se siente cómoda haciéndola,personal
20,Soy muy perfeccionista,personal
21,tengo una oportunidad de mejora la comunicación,personal
22,Me es dificil comunicar lo que quiero,personal
23,Pero no me atrevo a decirlo,personal
24,No me conozco,personal
25,siento que no me conozco,personal
26,Hablar de dinero es un tabu,trabajo
27,Hablar de dinero me incomoda,trabajo
28,Hablar de dinero es un tabu en mi familia,familiar
29,Tengo una entrevista,trabajo
30,Tengo una entrevista de programador,trabajo
31,Tengo una entrevista de contador,trabajo
32,Tengo una entrevista de psicologo,trabajo
33,Tengo una entrevista en un restaurante,trabajo
34,Tengo una entrevista en algo administrativo,trabajo
35,mis hijos que están en una etapa de crecimiento,familiar
36,mi mamá que está enferma,familiar
37,un familiar esta enformo,familiar
38,yo necesitaría como que los talentos hagan esa reflexión de que no se comparen,trabajo
39,"no sabemos si ese persona tenía ya planes de irse a una empresa, a nuestra competencia",trabajo
40,Me negaron el aumento,trabajo
41,Me concedieron el aumento,trabajo
42,No me dieron el aumetno,trabajo
43,Me dieron el aumento,trabajo
44,tengo un jefe que no me deja ni dormir,trabajo
45,tengo mucha carga laboral,trabajo
46,No me llevo bien con mi familia,familiar
47,el ambiente de trabajo no me gusta,trabajo
48,el ambiente de trabajo no es muy bueno,trabajo
49,no me gusta mi ambiente de trabajo,trabajo
50,Le tengo que dedicar tiempo a,personal
51,le tengo que dedicar esfuerzo a,personal
52,le tengo que dedicar mucho tiempo a estudiar,trabajo
53,le tengo que dedicar mucho esfuerzo a mis amigos,personal
54,Tenemos problemas con el presupuesto,trabajo
55, Tengo que saber qué quiero,personal
56, No se qué quiero en mi vida profesional,trabajo
57, No se qué quiero en mi vida laboral,trabajo
58,pienso que nadie me va a contratar a mí porque yo tengo todo este tiempo aquí en la misma posición,trabajo
59,La gente se casa o no dependiendo si tiene un trabajo estable.,amorosa
60,Las decisiones personales importantes dependen de la calidad de vida laboral,personal
61,La gente se casa o no dependiendo de su estabilidad laboral.,familiar
62,Nos rechazamos desde antes de empezar.,personal
63,El miedo al rechazo hace que el talento no se muestre.,personal
64,Tengo miedo rechazo,personal
65,me da miedo el rechazo,personal
66,"Cuando tú amas lo que haces, se vuelve un estilo de vida.",trabajo
67,Ser profesional es parte de mi marca personal,trabajo
68,Hablar de dinero toca lo emocional,personal
69,Mi familia se ve perjudicada por cómo me siento emocionalmente.,familiar
70,La calidad de vida permite cuidar de la familia,familiar
71,El trabajo impacta directamente a la familia.,familiar
72,Hay decisiones familiares ligadas al empleo,familiar
73,La empresa quiere un talento sostenible.,trabajo
74,Estoy sacrificando mucho,personal
75,Me estoy comparando mucho con mi compañero,trabajo
76,Para elegir un trabajo requieriero planificación,trabajo
77,Mi ambiente laboral es toxico,trabajo
78,Me da miedo intentar algo nuevo,personal
79,No tengo autocontrol,personal
80,No creo que tome las mejores decisiones ,personal
81,Hablar de dinero toca emociones profundas,personal
82,El estrés laboral se traslada al hogar.,familiar
83,Cuidar a un familiar requiere tiempo,familiar
84,Cuidar de mi familia requiere mucho tiempo,familiar
85,No les presto mucha atencion a mis hijos,familiar
86,siento que no me conozco a mis hijos,familiar
87,Me divorcie,amorosa
88,Rompi con mi novio,amorosa
89,Rompi con mi novia,amorosa
90,La vida laboral tiene un impacto muy grande en mi vida personal.,trabajo
91,El dinero lo es todo.,personal
92,No me reconocen en la empresa,trabajo
93,quiero una vida laboral sostenible,trabajo
94,trato y no logro nada,personal
95,Me siento resentido con mis compañeros de escuela,trabajo
96,No puedo conversar sobre el dinero,trabajo
97,Eso tiene un impacto importante en el presupuesto familiar,familiar
98,Pedir un aumento se percibe como una traición al equipo,trabajo
99,Me da miedo que me rechazen en la entrevista.,trabajo
100,Mi familia se ve perjudicada emocionalmente,familiar
101,Ya se me paso el tiempo de trabajar,trabajo
102,Ya no puedo encontrar trabajo,trabajo
103,No sienta que sirva para este trabajo,trabajo
104,No creo que pueda cumplir con esas cualidades,trabajo
105,No se cuales habilidades blandas tengo,personal
106,Me quede sin empleo,trabajo
107,Me quede sin trabajo,trabajo
108,me despidieron,trabajo
109,Nunca me enseñaron ,trabajo
110,Cuando me quedo sin empleo y no se qué hacer,trabajo
111,Perder un empleo no es fácil,trabajo
112,siento que es el final de mi carrera profesional,trabajo
113,Mi mundo laboral se detuvo,trabajo
114,No creo tener objetivos en el ambito profesional,trabajo
115,No creo tener objetivos profesionales,trabajo
116,No se que quiero lograr en el trabajo,trabajo
117,Mi idea de proyecto no avanza,trabajo
118,Tenemos que sentarnos a ver cuáles son esas cosas que hemos logrado antes,personal
119,Nose que cosas quiero lograr,personal
120,no encuentro trabajo,trabajo
121,el tiempo que no tengo trabajo lo siento como una derrota,trabajo
122,logre llegar a una entrevista,trabajo
123,estoy invirtiendo tiempo en mi educacion,trabajo
124,Perder un empleo es un remolino de emociones,personal
125,No se que hacer,personal
126,no tengo una mentalidad tan abierta,personal
127,No equilibrio mis emociones,personal
128,No controlo bien mis emociones,personal
129,Buscar trabajo es un trabajo,trabajo
130,La incertidumbre bloquea si no hay un plan,personal
131,"Cuando no me siento motivado en el trabajo, mis oportunidades de crecimiento se reducen",trabajo
132,La desmotivación afecta mis oportunidades dentro y fuera de la empresa,trabajo
133,Muchas veces busco excusas externas cuando estoy desmotivado,trabajo
134,No comunicar lo que hago bien es un error grave de mi parte,trabajo
135,Nose reconocerme,trabajo
136,No me reconzco ,trabajo
137,No siento que me reconozcan en el trabajo,trabajo
138,No progreso en el trabajo,trabajo
139,No siento que progrese en el trabajo,trabajo
140,No estoy comunicando las cosas que estoy haciendo,trabajo
141,No me puedo relacionar con nadie,personal
142,Comunicar lo que aprendo influye en mi crecimiento profesional,trabajo
143,No creo que sea prudente,personal
144,No soy prudente,personal
145,Mi nivel de motivación influye directamente en mis resultados profesionales,trabajo
146,"Cuando me siento desmotivado, necesito hacer una revisión interna",personal
147,Reconocer mis propios logros me genera una recompensa emocional,personal
148,siento que no tengo un progreso diario,personal
149,Me siento muy desmotivado,personal
150,No me siento motivado,personal
151,no estoy motivado,personal
152,Me da miedo preguntar del salario en una entrevista,trabajo
153,Me enfrento a procesos laborales que no siempre son justos,trabajo
154,El sueldo que tengo me parece bajo,trabajo
155,me da ansiedad pedir trabajo,trabajo
156,no siento que respeten mis tiempos,trabajo
157,no puedo respetar mis tiempos,personal
158,no siento que pueda negociar en el proceso laboral,trabajo
159,Siento que muchos procesos no son empáticos con mi tiempo,trabajo
160,"Cuando no tengo empleo, el proceso se vuelve más desgastante",trabajo
161,"Cuando no tengo empleo, el proceso es muy desgastante",trabajo
162,No debo de insistir mucho por le feedback,trabajo
163,No se si me estan haciendo ghosting en el proceso,trabajo
164,¿Nos hacen ghosting en el proceso?,trabajo
165,me da vergüenza pedir informes sobre como va la entrevista,trabajo
166,me da vergüenza pedir informes sobre como va el proceso de reclutamiento,trabajo
167,No respetar mi tiempo en entrevistas me parece una falta grave,trabajo
168,Me desmotivo que no me contrataran,trabajo
169,No dije lo que querian escuchar en la entrevista,trabajo
170,cometi un gran error en la entrevista,trabajo
171,cometi un gran error durante la entrevista,trabajo
172,Respo nderi algo de forma incorrecta durante la entrevista?,trabajo
173,No respetan mis tiempos en el trabajo,trabajo
174,Invertir tiempo y no obtener respuesta desgasta,personal
175,La incertidumbre afecta mi ánimo.,personal
176,La falsa esperanza me genera molestia,personal
177,La falta de respeto a mi tiempo me incomoda,personal
178,Necesito sentir claridad para no desgastarme emocionalmente.,personal
179,No siento claridad en mi trabajo,trabajo
180,conectar con otras personas es importante para mi,personal
181,Mi bienestar emocional se ve afectado por procesos laborales largos,trabajo
182,Respetar mi tiempo es respetarme como profesional,trabajo
183,Necesito claridad para tomar mejores decisiones laborales.,trabajo
184,he cometido errores en decisiones laborales.,trabajo
185,es complicado dividir lo laboral de lo familiar,trabajo
186,es complicado dividir lo familiar de lo laboral,familiar
187,Desde muy joven sentí que mi vida estaba ligada a la empresa,trabajo
188,Pasé gran parte de mi infancia en la oficina,personal
189,"Mientras otros salían de vacaciones, yo trabajaba en la empresa",personal
190,He trabajado en áreas que no me gustaban,trabajo
191,trabajo en un area que no me gusta,trabajo
192,No tengo claridad de hacia donde llevar la empresa,trabajo
193,He sentido dudas sobre cómo aportar más valor profesional,trabajo
194,He pasado por momentos de duda profesional,trabajo
195,Sentí inseguridad al no dominar algunas áreas del negocio,trabajo
196,Sentí inseguridad al no dominar algunas áreas del negocio,personal
197,Trabajo con miembros de mi familia,familiar
198,Mi familia ha construido este negocio por generaciones,familiar
199,Mis padres me delegaron responsabilidades importantes,familiar
200,Mis padres me dieron muchas responsabilidades,familiar
201,Enn reuniones familiares se terminan tomando decisiones de negocio,familiar
202,En mi familia se valora mucho la disciplina y el respeto,familiar
203,Trabajar con mi familia ha sido un gran reto,trabajo
204,Separar lo laboral de lo familiar es muy difícil,trabajo
205,Separar lo familiar de lo laboral es muy difícil,familiar
206,He tenido choques profesionales con miembros de mi familia,familiar
207,Muchas conversaciones familiares giran alrededor del trabajo,familiar
208,No tengo limites claros con mi familia,familiar
209,No tengo limites claros con amigos,personal
210,Me cuesta poner limites con amigos,personal
211,Las decisiones del trabajo afectan a mi dinamica con mi familia,familiar
212,Las decisiones del negocio afectan la dinámica familiar.,familiar
213,Tomo decisiones que impactan diferentes áreas del grupo empresarial,trabajo
214,Tomo muchas decisiones importantes,personal
215,no puedo tomar decisiones si no estoy completamente seguro,trabajo
216,No trabajo bien cuando estoy bajo presion,trabajo
217,No se como delegar funciones,trabajo
218,Me da miedo delegar funciones,trabajo
219,me da miedo delegar trabajo,trabajo
220,me da miedo que cuando delegue trabajo se enojen conmigo,trabajo
221,Me cuesta adaptarme a nuevas formas de trabajar,trabajo
222,Me cuesta adaptarme a varias situaciones nuevas,personal
223,Me agobia todas las responsabilidades que tengo,personal
224,Me agobia todas las responsabilidades que tengo en el trabajo,trabajo
225,No puedo comunicar desiciones dificiles,personal
226,He tenido momentos de inseguridad personal,personal
227,No creo estar preparado para el rol que tengo,personal
228,Me he cuestionado si estaba preparado para el rol que tengo,personal
229,He sentido miedo de no dar la talla,personal
230,No creo estar a la talla,personal
231,Me he comparado con otras personas,personal
232,Me comparo con otras personas,personal
233,Me he comparado con personas de otros países y trayectorias,personal
234,He pasado por crisis personales sobre mi rumbo profesional,personal
235,Me exigí más al sentir que tenía una responsabilidad mayor,personal
236,No manejo bien la presion interna,personal
237,No se manejar la presion interna,personal
238,Crecí viendo a mis padres trabajar día y noche,familiar
239,Mis padres influyeron mucho en mis decisiones profesionales,familiar
240,En mi familia es muy importante la disciplina,familiar
241,Muchas veces no estoy de acuerdo con las decisiones familiares,familiar
242,Las discusiones familiares muchas veces terminan siendo laborales,familiar
243,En mi familia es muy importante el compromiso,familiar
244,en mi familia es muy importante la responsabilidad,familiar
245,En mi familia se espera compromiso y responsabilidad.,familiar
246,He sentido el peso de continuar un legado familiar,familiar
247,En mi familia no se tolera la irresponsabilidad laboral,familiar
248,No es fácil separar el rol de hijo del rol profesional,familiar
249,A veces soy tratado como colaborador y no como hijo,familiar
250,"El me dijo, no, tú tienes que estudiar contabilidad",familiar
251,Mi padre es una persona de carácter complicado,familiar
252,No es facil ponerse de acuerdo con la familia,familiar
253,No es facil ponerse de acuerdo entre la familia,familiar
254,Creo que fue malo que no me incluyeran en la empresa cuando era mas joven,trabajo
255,yo nunca he tenido otro trabajo que no sea con mi papá,trabajo
256,tengo que trabajar en otros sitios para seguir creciendo,trabajo
257,siempre he confiado en mi papá y mi mamá mucho,familiar
258,siempre hice caso a lo que mi papá y mi mamá me decían,familiar
259,si quieres estudiar tienes que trabajar,trabajo
260,No entiendo que el dinero tiene un peso,personal
261,Nose como puedo aportar a la empresas ya,trabajo
262,No creo dar la talla,personal
263,Tengo muchas diferencias con mi hermano,familiar
264,Tengo muchas diferencias con mi hermana,familiar
265,No me puedo poner de acuerdo con mi hermano,familiar
266,No me puedo poner de acuerdo con mi hermana,familiar
267,Siento miedo de no dar la talla profesionalmente,trabajo
268,Me duele cuando fallamos como equipo,trabajo
269,Intento no asumir la responsabilidad cuando algo no sale bien,trabajo
270,Me involucro emocionalmente con los resultados del trabajo,trabajo
271,No participo en la toma de desiciones dificiles,trabajo
272,Me cuesta participar en la toma de desiciones,personal
273,mis decisiones afectan a muchas personas.,personal
274,Cargué desde joven con un peso grande de responsabilidad,personal
275,Siento el trabajo como parte de mi identidad.,personal
276,Me afecta emocionalmente cuando algo falla,personal
277,No puedo desconectarme emocionalmente del trabajo,personal
278,He sentido ansiedad por el futuro,personal
279,Me preocupan las consecuencias de las decisiones que tomo,personal
280,La pandemia me cambió la forma de ver mi responsabilidad,personal
281,Me duele fallarle a un colaborador,trabajo
282,Me dduele fallarle a un amigo,personal
283,Me duele fallarle a un socio,trabajo
284,Me identifico profundamente con la empresa,personal
285,Converso con mi familia sobre decisiones importantes,familiar
286,Aprendí de mi padre el peso de la responsabilidad,familiar
287,Aprendí que no todo se mide en dinero,personal
288,Me siento responsable de continuar el legado familiar,familiar
289,me preocupa el futuro de las proximas generaciones,familiar
290,Tomo decisiones laborales pensando en mi familia,trabajo
291,El trabajo y la familia están profundamente entrelazados,familiar
292,Me duele el trabajo porque es parte de mi vida,personal
293,Me enfrento a dilemas donde lo laboral y lo familiar se cruzan,familiar
294,No trabajo solo por cumplir un horario,personal
295,Transmito pasión por el proyecto,personal
296,No concibo liderazgo sin responsabilidad emocional,personal
297,No fue un buen mes en general,personal
298,No me considero un buen trabajador,trabajo
299,No controlo bien la ansiedad,personal
300,Quiero creecer en esta empresa,trabajo
301,No me involucro mucho en mi trabajo,trabajo
302,El trabajo me afecta emocionalmente,personal
303,Me involucro más allá de lo profesional,personal
304,Siento angustia cuando no tengo control sobre una situación,personal
305,Pienso constantemente en el impacto de mis decisiones.,personal
306,No asumo el peso emocional del liderazgo,personal
307,Me cuesta aceptar el peso emocional del liderazgo,personal
308,Me afecta fallarle a otros.,personal
309,Aprendí de mi familia que el negocio no es solo dinero.,familiar
310,Me preocupa mucho el legado familiar,familiar
311,Me siento obligado a proteger el legado familiar,familiar
312,Protejo el legado familiar,familiar
313,Aprendi de mi familia a no tomar decisiones impulsivas,familiar
314,Defiendo el proyecto familiar frente a intereses externos,familiar
315,Estoy iniciando un proyecto nuevo,personal
316,Me da miedo el cambio,personal
317,Me da incertidumbre el cambio,personal
318,Tengo muchos defectos,personal
319,No tengo habilidades de comunicación,personal
320,Me siento muy presionado por las fechas de entrega del proyecto,trabajo
321,Mi trabajo ocupa la mayor parte de mi día,trabajo
322,Veo el trabajo como parte de mi identidad personal,trabajo
323,Me cuesta delegar cuando no entiendo completamente una situación,trabajo
324,No soy una persona que solo cumple horario; me involucro emocionalmente,trabajo
325,Me exijo mucho profesionalmente,trabajo
326,Me cuesta organizar mis prioridades,personal
327,Me duele cuando fallo,personal
328,A veces siento que el trabajo absorbe demasiado de mí.,trabajo
329,Reconozco que necesito manejar mejor la presión.,personal
330,Me falta mejorar la presion que siento,personal
331,Me pongo ansioso cuando algo no sale como espero,personal
332,Reconozco que soy terco,personal
333,Me cuesta soltar ideas cuando creo firmemente en ellas,personal
334,Me cuesta aprender de mis errores personales,personal
335,Me exijo mucho a mí mismo,personal
336,soy perfeccionista,personal
337,soy muy perfeccionista,personal
338,aun ocupo hacer varias cosas y no acabo con esto pq me distraigo mucho,personal
339,Mi papá es una figura muy fuerte en mi vida profesional y personal.,familiar
340,Mi papá tiene un estilo de trabajo muy exigente,familiar
341,A veces siento que su presión es difícil de manejar,personal
342,No siempre estoy de acuerdo con sus métodos.,familiar
343,Hemos tenido reuniones familiares muy tensas.,familiar
344,En algunas ocasiones he perdido el control emocional,personal
345,Mi mamá actúa como mediadora entre nosotros,familiar
346,Hablo con mi mamá para desahogarme,familiar
347,Mi mamá equilibra las tensiones familiares,familiar
348,Mi papá equilibra las tensiones familiares,familiar
349,Hablo con mi papá para desahogarme,familiar
350,Me duele ver a mi hermana afectada por la presión laboral,familiar
351,Me duele ver a mi hermano afectada por la presión laboral,familiar
352,Siento responsabilidad de protegerla,amorosa
353,Siento responsabilidad de protegerlo,amorosa
354,Siento la responsabilidad de proteger a mi hermano,familiar
355,Siento la responsabilidad de proteger a mi hermana,familiar
356,Hemos tenido conversaciones familiares difíciles sobre el futuro,familiar
357,Hemos tenido conversaciones familiares difíciles,familiar
358,Mi vida amorosa no forma parte central de mi narrativa actual,amorosa
359,Mi familia son una fuente de tension,familiar
360,Se me dificulta no mezclar mi vida personal con la laboral,personal
361,Se me dificulta no mezclar mi vida laboral con la personal,trabajo
362,Aun tengo mucho que mejorar,personal
363,siento que no avanzo en el trabajo,trabajo
364,Mi papá es un tipo exigente,familiar
365,Mi papá tiene el carácter muy fuerte,familiar
366,mi papá tiene una forma de trabajar muy antigua,familiar
367,No se como procesar una mala noticia,personal
368,No se como puedo abordar una mala noticia,personal
369,no se como dar una mala noticia,personal
370,Me dan ganas de gritarles aveces,personal
371,No mantengo la calma con mi familia,familiar
372,No siento que me agrada mi familia,familiar
373,No me llevo bien con mi familia,familiar
374,Mi familia no me hace caso con lo que le digo,familiar
375,En mi trabajo no toman en cuenta mi opinion,trabajo
376,No aguanto la presión de trabajar con papi,trabajo
377,No aguanto la presión de trabajar con papi,trabajo
378,A veces defiendo a personas dentro de la empresa incluso contra las reglas,trabajo
379,No siento que sea un buen lider,personal
380,No me creo un buen lider,personal
381,No se liderar,personal
382,He sentido frustración cuando una decisión mía termina saliendo mal.,trabajo
383,siento mucha frustacuib cuando una decision mia termina mal,personal
384,Me duele cuando alguien a quien defendí se va sin avisar,trabajo
385,Choco frecuentemente con mi papá por la forma de liderar,familiar
386,He tenido discusiones fuertes por diferencias generacionales,trabajo
387,Me cuesta aceptar decisiones rígidas basadas solo en reglas,trabajo
388,Creo que el verdadero crecimiento profesional requiere sacrificio,trabajo
389,siento que me sacrifico mucho por mi trabajo,trabajo
390,siento que me sacrifico mucho por mis amigos,personal
391,siento que pongo mucho empeño con mi familia y no lo notan,familiar
392,No trabajo bien en equipo,trabajo
393,No me gusta trabajar en equipo,personal
394,Me afecta emocionalmente tomar decisiones difíciles,personal
395,Me frustro cuando mis intenciones no salen como esperaba.,personal
396,Reconozco que a veces me ciego por defender una idea.,personal
397,Me cuesta aceptar cuando alguien me demuestra que estaba equivocado,personal
398,No me gusta equivocarme,personal
399,Odio equivocarme,personal
400,No acepto que me equivoque,personal
401,Me afecta cargar con errores frente a otros,personal
402,Me exijo mucho a nivel personal,personal
403,Reflexiono constantemente sobre mis decisiones,personal
404,No creo que siempre tome las mejores decisiones,personal
405,Me incomoda sentir que fallé aunque haya actuado con buena intención,personal
406,Siento presión por demostrar criterio y liderazgo,personal
407,Me tomo el liderazgo de forma muy emocional,personal
408,Trabajo directamente con mi papá,familiar
409,Me cuesta separar la relación padre-hijo de la laboral,familiar
410,En casa sigo viendo a la misma persona con la que discuto en la oficina,familiar
411,Mi hermana y yo enfrentamos estas tensiones juntos,familiar
412,Mi hermano y yo enfrentamos estas tensiones juntos,familiar
413,En mi familia el trabajo siempre estuvo presente,familiar
414,Mis padres no siempre pudieron estar en eventos familiares porque trabajaban,familiar
415,Veo a mi familia como la base de mis valores laborales,familiar
416,Mi vida amorosa convive con una alta carga laboral,amorosa
417,Mi hermana tiene un temperamento muy fuerte,familiar
418,Mi hermano tiene un temperamento muy fuerte,familiar
419,Mi familia me apoya mucho,familiar
420,Defendia a alguien que me abandono,personal
421,No mido mis tiempos,personal
422,Ocupo trabajar en organizar mis tiempos,personal
423,Mi padres no estuvieron en mi niñes,familiar
424,Mis padres crecieron con una mentalidad tradicional y con poco acceso a información.,familiar
425,Mi mamá siempre ha sido una figura clave de apoyo en mis decisiones e intereses.,familiar
426,Sentí respaldo familiar cuando exploré distintos hobbies artísticos,familiar
427,Mis padres fueron adaptándose con el tiempo a temas que antes no comprendían,familiar
428,Crecí en un entorno donde el apoyo existía más por acciones que por palabras,familiar
429,Me considero una persona profundamente romántica.,amorosa
430,Vivo mis emociones con mucha intensidad,personal
431,Siento una fuerte necesidad de sentirme querido y aceptado,amorosa
432,La validación emocional influye mucho en la forma en que me relaciono con los demás,personal
433,Mi sensibilidad emocional ha impactado mis vínculos afectivos,amorosa
434,He construido mi identidad afectiva desde la honestidad y la expresión emocional,amorosa
435,Mi forma de amar está muy ligada a la forma en que me expreso como persona,amorosa
436,Siempre he querido ser el centro de atención,personal
437,Desde pequeño sentí una fuerte necesidad de pertenecer,personal
438,He fingido desinterés por cosas que me gustan para encajar socialmente,personal
439,Siento que la validación externa ha marcado muchas de mis decisiones,personal
440,Me identifico como una persona expresiva y emocional,personal
441,Reconozco que busco aprobación de las personas que me rodean,personal
442,He vivido situaciones de vergüenza que influyeron en mi autoestima,personal
443,Tengo una personalidad creativa que busca constantemente reconocimiento,personal
444,El miedo al rechazo ha estado presente en distintas etapas de mi vida,personal
445,Acepto que el TDAH influyó en mi manera de interesarme por muchas cosas diferentes,personal
446,Tengo TDAH,personal
447,He explorado múltiples caminos artísticos sin seguir una línea tradicional,trabajo
448,He tenido que adaptarme a nuevas plataformas para seguir creciendo profesionalmente,trabajo
449,Actualmente estoy invirtiendo mucho esfuerzo en mi proyecto de YouTube,trabajo
450,estoy invirtiendo mucho esfuerzo en mi proyecto ,trabajo
451,Mi desarrollo profesional ha estado ligado a la búsqueda de validación,trabajo
452,He enfrentado situaciones laborales donde no hubo reconocimiento económico,trabajo
453,No me pagaron en mi trabajo,trabajo
454,"a mí me, me encanta el escenario",trabajo
455,de chiquito era bien amargoso,personal
456, me doy cuenta que siempre me ha gustado la validación externa,personal
457,yo quería ser payaso,personal
458,Mis padres me apoyaron cuando quise participar en actividades artísticas desde niño.,familiar
459,Mi papá estuvo presente y atento cuando me subí por primera vez a un escenario,familiar
460,Mi familia me acompañó y me facilitó participar en castings,familiar
461,Mi familia me acompañó y me facilitó participar en eventos ,familiar
462,Mis padres confiaron en mí y me dejaron intentar cosas aunque no fuera bueno en ellas,familiar
463,No me daba cuenta de ciertos privilegios familiares hasta que crecí,familiar
464,Mi forma de ilusionarme está muy ligada a la fantasía y a la idea de cumplir sueños,amorosa
465,Vivo mis emociones con intensidad,amorosa
466,Me emociono fácilmente ante nuevas oportunidades.,personal
467,Me expreso con entusiasmo cuando algo me ilusiona,personal
468,He sentido frustración cuando no alcanzo lo que esperaba de mí mismo,personal
469,Desde pequeño disfruté aprender canciones y presentarme frente a otros,personal
470,Me sentí libre de expresarme cuando estuve en ambientes donde nadie me conocía,personal
471,Me adapto con facilidad a escenarios nuevos y desconocidos,personal
472,Desde la infancia he buscado oportunidades para subirme a un escenario,trabajo
473,He experimentado la frustración de no ser elegido después de prepararme,trabajo
474,Mi interés por el espectáculo comenzó desde muy joven,trabajo
475,He participado en eventos donde no hubo remuneración económica,trabajo
476,Mis primeras experiencias laborales estuvieron ligadas al entretenimiento,trabajo
477,Descubrí que funciono mejor en ambientes nuevos que en espacios donde me juzgan,trabajo
478,He sentido mayor libertad creativa cuando no cargo expectativas externas.,trabajo
479,Crecí en una familia donde había apoyo,familiar
480,Creci en una familia donde habia mucha desinformacion sobre la diversidad sexual.,familiar
481,Mis padres tardaron muchos años en entender y aceptar mi orientación sexual,familiar
482,Mis padres no aceptaron nunca mi orientacion sexual,familiar
483,Sentí miedo al decirle a mis padres que era gay.,familiar
484,Viví conflictos familiares fuertes,familiar
485,Mis padres intentaron explicaciones desde su propia ignorancia,familiar
486,Mis padres aceptaron con el tiempo quien soy,familiar
487,Mi padre no acepta mi orientacion sexual,familiar
488,Mi madre no acepta mi orientacion sexual,familiar
489,Durante la adolescencia sentí presión por tener novia para encajar socialmente.,amorosa
490,Tuve relaciones heterosexuales sin entender completamente lo que me pasaba emocionalmente.,amorosa
491,Soy gay,amorosa
492,Me involucré en relaciones donde no sentía atracción real,amorosa
493,Me sentí confundido y abrumado ante la intimidad física,amorosa
494,Corté relaciones porque algo no se sentía correcto,amorosa
495,No comprendia mi orientacion sexual,amorosa
496,Mi primer novio llegó ya en la etapa adulta,amorosa
497,Mi relación actual es la más importante y estable de mi vida,amorosa
498,No siento estabilidad en mi relacion,amorosa
499,No hay confianza en mi relacion,amorosa
500,No se como terminar mi relacion,amorosa
501,No se como terminar esta relacion,amorosa
502,Desde niño he sido muy expresivo y creativo.,personal
503,Me considero una persona expresiva y creativa,personal
504,Me sentía seguro creando cosas por mi cuenta.,personal
505,Fui construyendo mi identidad poco a poco,personal
506,Negué aspectos de mí por miedo a no ser aceptado,personal
507,No me aceptaba por quien soy ahora,personal
508,"Sentí miedo, ansiedad y dudas al descubrir mi orientación sexual",personal
509,Reconocerme fue un proceso emocionalmente intenso,personal
510,Desde joven busqué destacar a través de la música y la creación artística,trabajo
511,Tuve reconocimiento social por proyectos creativos que hice en la adolescencia,trabajo
512,Siempre he sido proactivo en impulsar mis propios proyectos,trabajo
513,fui un niño privilegiado,personal
514,fui una persona privilegiada,personal
515,fui una niña privilegiada,personal
516,mi hijo es bien talentoso,familiar
517,"Mi padre decia, mi hijo es bien talentoso",familiar
518,Me hacian bullying ,personal
519,"Me hacian bullying, en la primaria",personal
520,"Me hacian bullying, en la secundaria",personal
521,Era una persona rebelde,personal
522,siempre pienso que necesito una novia,amorosa
523,siempre pienso que necesito una novio,amorosa
524,Me costo aceptar que era gay,amorosa
525,Me costo aceptar que era lesbiana,amorosa
526,Me costo aceptar mi orientacion sexual,personal
527,Mis padres no sabian como tratarme cuando les dije de mi orientacion,familiar
528,Mi padre se tardo en entender que era gay,familiar
529,Mi madres tardo en entender que era gay,familiar
530,Mis padres se tardaron mucho en entender que era gay,familiar
531,salgo con mi padre seguido,familiar
532,salgo con mi madre seguido,familiar
533,mis padres ya conocieron a mi pareja,familiar
534,Me mude de casa,personal
535,"Mi mamá leía mis diarios sin que yo lo supiera, lo que me hizo sentir que mi intimidad no estaba completamente respetada",familiar
536,Desde niña mi mamá influía mucho en cómo me vestía,familiar
537,Desde niña mi mamá influía mucho en las decisiones básicas de mi día a día,familiar
538,Mi papá fue una figura muy presente y protectora durante mi infancia,familiar
539,Mi papá entendía mis dolores físicos,familiar
540,Mi papá siempre estuvo ahí para cuidarme cuando me sentía mal,familiar
541,Mi papá entendía mis dolores físicos y siempre estuvo ahí para cuidarme cuando me sentía mal,familiar
542,Mi papa dormía conmigo cuando lloraba por las noches para ayudarme a calmarme,familiar
543,"Mi papá hacía trabajo físico pesado, y con el tiempo aprendí a comprender su cansancio",familiar
544,"Mi familia influyó mucho en mis rutinas, mis horarios y mi forma de vivir la infancia",familiar
545,"Crecí con dinámicas familiares que combinaban cuidado, disciplina y presencia constante",familiar
546,Desde joven desarrollé afinidades emocionales intensas hacia personajes ficticios,amorosa
547,He construido mi mundo emocional a través de idealizaciones y figuras simbólicas,amorosa
548,Mi manera de experimentar el afecto ha estado muy ligada a la imaginación,amorosa
549,Mi identidad emocional se fue formando antes de tener relaciones amorosas reales,amorosa
550,No comparto mis gustos personales,personal
551,Algunos colores forman parte de mi identidad,personal
552,algunos simbolos forman parte dde mi identidad,personal
553,Me identifico con personalidades inquietas,personal
554,Me identifico con personalidades aceleradas,personal
555,He pasado por múltiples etapas de identidad a lo largo de mi vida.,personal
556,Soy una persona curiosa por naturaleza,personal
557,me gusta explorar temas profundos y oscuros,personal
558,Me considero alguien muy sociable,personal
559,Me considero alguien cercana con sus amistades,personal
560,Tengo una personalidad activa,personal
561,Tengo una personalidad inquieta,personal
562,Me enfoco mucho en algo cuando me apasiona,personal
563,No reconozco lo que hice en secundaria,personal
564,No me enorgullece lo que hice en secundaria,personal
565,No reconozco mi etapa de secundaria,personal
566,No reconozco lo que hice en primaria,personal
567,No me enorgullece lo que hice en primaria,personal
568,No reconozco mi etapa de primaria,personal
569,Soy creadora de contenido,trabajo
570,participo activamente en proyectos relacionados con el terror y la investigación,trabajo
571,Me dedico a contar historias y leyendas como una forma de trabajo creativo,trabajo
572,He convertido mis intereses personales en proyectos profesionales,trabajo
573,Participo en investigaciones de campo,trabajo
574,He viajado a diferentes regiones para recopilar testimonios,trabajo
575,He trabajado en distintas áreas creativas y culturales,trabajo
576,Mi mama me inculco mucho la disciplina,familiar
577,Mi papa me inculco mucho la disciplina,familiar
578,Desde niña sentí que mi privacidad no siempre era respetada dentro de mi familia,familiar
579,Mi mamá tuvo una influencia fuerte en mis decisiones,familiar
580,Mi papá tuvo una influencia fuerte en mis decisiones,familiar
581,La disciplina en mi casa era muy exigente,familiar
582,Mi papá fue una figura clave para sentirme segura en momentos de dolor y miedo.,familiar
583,Mi papá me hacia sentir segura en momentos de miedo,familiar
584,Mi papá me consolaba cuando tenia dolor,familiar
585,Mi mamá fue una figura clave para sentirme segura en momentos de dolor y miedo.,familiar
586,Mi mamá me hacia sentir segura en momentos de miedo,familiar
587,Mi mamá me consolaba cuando tenia dolor,familiar
588,Tengo un vinculo muy fuerte con mi papá,familiar
589,Tengo un vinculo muy fuerte con mi mamá,familiar
590,Mi familia tiene rutinas muy estrucuturadas,familiar
591,siempre idealice a mi pareja,amorosa
592,Construí mi forma de sentir afecto desde la imaginación,amorosa
593,Mi mundo afectivo estuvo muy ligado a lo simbólico,amorosa
594,Mis relaciones siempre fueron tradicionales,amorosa
595,Siempre he sido una persona intensa con mis gustos,personal
596,El miedo formó parte de mi infancia,personal
597,el miedo se transformo en una curiosidad,personal
598,Me acostumbré a enfrentar mis miedos a solas desde niña,personal
599,Me considero una persona sociable y cercana,personal
600,No acepto mis contradicciones,personal
601,Trabajo creando experiencias narrativas,trabajo
602,Mi trabajo implica investigación constante,trabajo
603,Soy una persona muy exigente conmigo misma,personal
604,Disfruto ver cómo mi trabajo tiene impacto en otras personas.,trabajo
605,Me gusta mucho asustar a la gente,personal
606,No puedo controlar mi TDA,personal
607,No puedo controlar mi TDAH,personal
608,Mi padre me enseño a enfrentar el miedo,familiar
609,mi padre hizo que me entrara una fobia ,familiar
610,mi familia se burlaba mucho de mi miedo hacia las arañas,familiar
611,mi familia se burlaba mucho de mis miedos,familiar
612,Mi madre me enseño a enfrentar el miedo,familiar
613,Mi familia formó parte importante de las experiencias que moldearon mis emociones desde pequeña,familiar
614,Sentí tristeza al separarme de personas cercanas en etapas importantes de mi vida,personal
615,Siento que me estoy quedando solo,personal
616,Siento que me estoy quedando sola,personal
617,Perdi muchas personas importantes dde mi familia,familiar
618,la muerte de mi abuela fue muy fuerte para mi,familiar
619,la muerte de mi abuela fue dificil de superar,familiar
620,la muerte de mi abuela fue dificil de aceptar,familiar
621,la muerte de mi abuelo fue muy fuerte para mi,familiar
622,la muerte de mi abuelo fue dificil de superar,familiar
623,la muerte de mi abuelo fue dificil de aceptar,familiar
624,Desde niña experimenté enamoramientos profundos aunque nunca los expresé directamente,amorosa
625,Nunca sube como expresar mis sentimientos hacia la persona que me gustaba,amorosa
626,Me enamoré en silencio,amorosa
627,Guarde mis sentimientos por miedo al rechazo,amorosa
628,Idealicé a mi primer amor,amorosa
629,Sentí arrepentimiento por no haber dicho lo que sentía a tiempo.,amorosa
630,Siento arrepentimiento por no confesar lo que siento,amorosa
631,Viví el amor desde la distancia y la imaginación,amorosa
632,Me da miedo que al confesarme me rechacen,amorosa
633,Intenté reemplazar un amor perdido enamorándome de otra persona,amorosa
634,No tome las mejores decisiones en mi vida amorosa,amorosa
635,Por estar enamorado me aleje de mis amigos,amorosa
636,Aprendí a reírme para ocultar mis emociones,personal
637,Me da miedo mostrar mis emociones,personal
638,Me da miedo mostrar lo que realmente siento,personal
639,Me da miedo mostrar lo que realmente siento por alguien,amorosa
640,Me generaba vergüenza enfrentar recuerdos de mi pasado adolescente,personal
641,Me costó adaptarme a separaciones,amorosa
642,Me cuesta soltar recuerdos,personal
643,Me cuesta soltar las cosas que me atan,personal
644,Me cuesta darme cuenta de lo que me hace daño,personal
645,Me cuesta adaptarme a cambios sociales,personal
646,No me acostumbro a cambiar de amigos,personal
647,Mis amigos generalmente me dejan de hablar,personal
648,"Viví miedo, tristeza y añoranza de manera muy intensa en mi juventud",personal
649,Vivi miedo de una manera muy cruel cuando era niño,personal
650,vivi mucha tristeza cuando era niño,personal
651,Me da temor revisitar versiones pasadas de mí misma,personal
652,El deporte fue una parte clave de mi disciplina de joven,personal
653,Gracias a mis habilidades deportivas tuve oportunidades académicas importantes.,trabajo
654,Aprendí a trabajar en equipo desde temprana edad.,trabajo
655,Sacrifiqué experiencias personales por cumplir con responsabilidades,trabajo
656,El esfuerzo sostenido me enseñó a ser disciplinada,trabajo
657,El esfuerzo sostenido me enseñó a ser responsable,trabajo
658,el camino que elegí tuvo costos emocionales y sociales.,personal
659,Sentí apoyo familiar incluso cuando atravesaba emociones difíciles,familiar
660,Tengo arraigado muchas malas costumbres familiares,familiar
661,Experimenté angustia al dejar atrás personas cercanas al cambiar de etapa escolar.,familiar
662,Por el cambio de escuela no pude mantener muchas relaciones cercanas,personal
663,Hubo momentos familiares que me hicieron sentir vulnerable emocionalmente,familiar
664,No sentia que me apoyaba mi familia,familiar
665,No me animo a confesar lo que siento,amorosa
666,Estar con la persona que me gusta me provoca ansiedad,amorosa
667,Idealizo constantemente a mi pareja,amorosa
668,No hablamos mi pareja y yo de los malos entendidos,amorosa
669,"Cuando hay un malententido entre mi pareja y yo, no hablamos",amorosa
670,Experimenté tristeza por no haberme despedido de alguien que fue importante para mí,amorosa
671,perimenté tristeza por no haberme despedido de un familiar importante para mi,familiar
672,Asocié el amor con pérdida,amorosa
673,Tengo miedo de quedarme expuesta emocionalmente,personal
674,Tengo miedo de quedarme expuesto emocionalmente,personal
675,Me tormenta pensar que pude haber perdido a mi gran amor,amorosa
676,Me dolió aceptar que algunas historias amorosas no tuvieron cierre,amorosa
677,Mi pareja y yo no terminamos en buenos terminos,amorosa
678,Mi novia y yo terminamos,amorosa
679,Mi novio y yo terminamos,amorosa
680,Uso la escritura como una forma de procesar mis emociones,personal
681,He experimentado ansiedad ante la idea de crecer,personal
682,me da ansiedad la idea de crecer,personal
683,la da miedo la idea de cambiar,personal
684,me da miedo la idea de crecer,personal
685,Tiendo a aferrarme a los recuerdos como una forma de protección emocional,personal
686,Mi prima intervenía mucho en mis situaciones personales,familiar
687,Mi primo intervenía mucho en mis situaciones personales,familiar
688,Mis primos se burlaban mucho de mi cuando era joven,familiar
689,Mi familia se involucraba mucho en lo que pasaba en mi escuela,familiar
690,A veces sentía que mi familia no tomaba en serio mis emociones,familiar
691,Aprendí desde joven a ocultar ciertas cosas a mis padres,familiar
692,No le cuento nada a mis padres,familiar
693,Prefería decir verdades a medias a mi familia,familiar
694,No le tengo confianza a mis padres,familiar
695,No le tengo confianza a mi madre,familiar
696,No le tengo confianza a mi padre,familiar
697,me da vergueza expresar lo que siento por alguien,amorosa
698,Me enamoré de alguien con quien compartía una actividad en común,amorosa
699,Asocié el interés amoroso con el tiempo que alguien me dedicaba.,amorosa
700,Me gusta que solo me dedique tiempo a mi,amorosa
701,Lo quiero tener todo el dia para mi,amorosa
702,La quiero tener todo el dia para mi,amorosa
703,No entendia como funcionaban las relaciones romanticas,amorosa
704,Me puse muy nervisa cuanddo alguien me pidio ser su novia,amorosa
705,Me abrumaron mis propias emociones cuando inicié una relación,amorosa
706,No sabia que serntir cuando inicié una relacion,amorosa
707,"Aunque acepté tener novio, me dio vergüenza hablarle después",amorosa
708,"Aunque acepté tener novia, me dio vergüenza hablarle después",amorosa
709,Terminé una relación sin haber sabido cómo sostenerla,amorosa
710,Mi primera relación duró poco por mi inseguridad,amorosa
711,Me afectó no saber cómo actuar dentro de una relación amorosa,amorosa
712,Me aterraba entrar a una nueva etapa sin conocer a nadie,personal
713,Sentía mucha ansiedad ante la posibilidad de no hacer amigos,personal
714,Siento mucha ansiedad ante la posibilidad de no hacer amigos,personal
715,Vivo con miedo a la incertidumbre,personal
716,Tendía a sobreanalizar situaciones sociales,personal
717,Tiendo a sobreanalizar las situaciones,personal
718,Tiendo a sobrepensar las cosas,personal
719,Tiendo a sobrepensar las situaciones que vivo,personal
720,Me juzgaba a mí misma por cómo pensaba o sentía,personal
721,Me juzgo a mí misma por cómo pienso,personal
722,No siento que sea una gran persona,personal
723,Me da cringe recordar versiones pasadas de mí,personal
724,Siento vergüenza de mis decisiones emocionales del pasado,personal
725,Me afecta mucho la opinión de los demás,personal
726,Soy muy autocritica con mi apariencia,personal
727,Soy muy autocritico con mi apariencia,personal
728,Mi padre critica mucho mi apariencia,familiar
729,Mi madre critica mucho mi apariencia,familiar
730,Formé amistades a partir del deporte,personal
731,El deporte influyó en mi forma de socializar,personal
732,Viví frustración al perder partidos importantes,trabajo
733,Yo me río para no enfrentar la realidad,personal
734,Me rio de mi mismo para evitar burlas ajenas,personal
735,haberme separado de mis amigos me aterra,personal
736,Me aterra entrar a la secu y no conocer a nadie,personal
737,Me aterra entrar a la secundaria y no conocer a nadie,personal
738,Me aterra entrar a la prepa y no conocer a nadie,personal
739,Me aterra entrar a la preparatoria y no conocer a nadie,personal
740,Me aterra entrar a la uni y no conocer a nadie,personal
741,Me aterra entrar a la universidad y no conocer a nadie,personal
742,que tal si no puedo hacer amigos rapido,personal
743,pienso que todos me odian,personal
744,nunca eh tenido novio,amorosa
745,nunca eh tenido novia,amorosa
746,Mi prima se involucraba constantemente en mis situaciones emocionales,familiar
747,Mi primo se involucraba constantemente en mis situaciones emocionales,familiar
748,No sé cómo es confesarse,amorosa
749,No se como declararme a una persona,amorosa
750,Me molestaba que mi prima interrumpiera momentos importantes para mí.,familiar
751,Mi prima interrumpio cuando se me declaraban,familiar
752,Me molestaba que mi primo interrumpiera momentos importantes para mí.,familiar
753,Mi primo interrumpio cuando se me declaraban,familiar
754,Sentia celos por la relacion que tenia alguien de mi familia,familiar
755,No tengo suficiente confianza para contar cosas a mi familia,familiar
756,Me aterraba expresar mis sentimientos hacia alguien que me gustaba,amorosa
757,Me enamoré de alguien con quien compartía tiempo,amorosa
758,Me enamoré de alguien con quien compartía actividades,amorosa
759,Siempre pense que tener novio es ser demasiado adulto,amorosa
760,Me gusta que me dediquen mucho tiempo,amorosa
761,Me genera inseguridad no tener novio,amorosa
762,Me paralizo cuando estoy con la persona que me gusta,amorosa
763,Sentí nervios intensos cuando alguien intentó declararse conmigo,amorosa
764,Siento muchos nervios cuando alguien se me declara,amorosa
765,Acepté una relación sin saber cómo manejarla,amorosa
766,Me sentí tan nerviosa que evité hablar con mi pareja.,amorosa
767,Me emocioné al sentirme correspondida,amorosa
768,Me sentí abrumada por la intensidad emocional de una relación.,amorosa
769,Me sentí abrumado por la intensidad emocional de una relación.,amorosa
770,Me sentí tan nervioso que evité hablar con mi pareja.,amorosa
771,Sentía miedo de entrar a una nueva etapa sin conocer a nadie,personal
772,Me generaba ansiedad no saber si lograría hacer amigos,personal
773,Me genera ansiedad no saber si lograría hacer amigos,personal
774,Sobrepienso mucho por mi pareja,amorosa
775,Me juzgo constantemente por mis decisiones,personal
776,Me juzgo constantemente por mis acciones,personal
777,Experimentaba vergüenza al exponer mis emociones frente a otros.,personal
778,Siento vergüenza al mostrar mis emociones frente a otros,personal
779,Prefería huir de momentos intensos antes que afrontarlos,personal
780,Me pongo nervioso cuando la gente me da mucha atencion,personal
781,No se expresar bien mis emociones,personal
782,Mi pareja no me genera confianza,amorosa
783,dudo mucho de lo que me dice mi novia,amorosa
784,dudo mucho de lo que me dice mi novio,amorosa
785,No saber donde esta mi novia me genera angustia,amorosa
786,No saber donde esta mi novio me genera angustia,amorosa
787,Logré hacer amistades dentro del ámbito escolar,trabajo
788,El básquetbol influyó en mis relaciones sociales,trabajo
789,Juego básquetbol durante los recesos escolares,trabajo
790,El como me siento depende de como me iba en el basquetbol ,personal
791,El futbol influyó en mis relaciones sociales,trabajo
792,Juego futbol durante los recesos escolares,trabajo
793,El como me siento depende de como me iba en el futbol ,personal
794,Jugar basquet me hizo hacer nuevos amigos,personal
795,hice nuevos amigos por jugar basquet,personal
796,En mi relacion casi no nos hablamos,amorosa
797,Sentí la necesidad de justificar ante mis papás el origen de algo que me regalaron.,familiar
798,No me gusta explicarle cosas a mi familia,familiar
799,Prefiero decir mentiras sobre mi dia que contar la verdad a mi familia,familiar
800,Acepté tener novio aun cuando no sabía cómo manejar una relación,amorosa
801,Acepté tener novia aun cuando no sabía cómo manejar una relación,amorosa
802,No sabia que hacer al tener novio,amorosa
803,No sabia que hacer al tener novia,amorosa
804,La vergüenza me impidió volver a hablarle a mi pareja,amorosa
805,me da verguenza tener novio,amorosa
806,me da verguenza tener novia,amorosa
807,Viví mi primer noviazgo prácticamente sin comunicación,amorosa
808,Me abruma gustarle tanto a alguien,amorosa
809,Me da miedo caer en una relacion toxico,amorosa
810,Por mas que lo intento no puedo confiar en mi novio,amorosa
811,Por mas que lo intento no puedo confiar en mi novia,amorosa
812,Termine mi relacion porque no sabia que hacer,amorosa
813,Termine con mi novio porque me engaño,amorosa
814,Termine con mi novia porque me engaño,amorosa
815,Me daba pena mirar a mi pareja a los ojos después de aceptar ser novios,amorosa
816,Me sentí confundida entre la emoción de gustarle a alguien y el miedo a interactuar,amorosa
817,Al enamorarme siento tambien mucho miedo,amorosa
818,Asocio el enamoramiento con una sensación intensa de nervios y ansiedad.,amorosa
819,Me da vergüenza expresar cariño o cercanía emocional.,amorosa
820,Me da miedo expresar cariño y no ser correspondido,amorosa
821,Me da miedo expresar cariño y no ser correspondida,amorosa
822,siento que fui la peor novia,amorosa
823,siento que fui la peor novio,amorosa
824,No se como actuar con mi pareja,amorosa
825,no se como actuar con mi novio,amorosa
826,no se como actuar con mi novia,amorosa
827,Mi apariencia no me gusta,personal
828,La vergüenza gobernaba muchas de mis decisiones.,personal
829,Decido muchas veces lo que me evite vergüenza,personal
830,No me gusta enfretar situaciones incomodas,personal
831,Me cuesta expresar lo que siento,personal
832,Escribir me ayuda a procesar las emociones,personal
833,uso el humor para sentirme menos incomodo,personal
834,No supero a mi ex,amorosa
835,Mi familia vivio muchas malas situaciones economicas,familiar
836,Mi familia es muy invasiva en mi vida,familiar
837,En mi adolescencia sentía que mis papás me ponían límites estrictos,familiar
838,Me cuesta confiar en otras personas para contarles lo que siento,personal
839,Me da miedo que otras personas conozcan mis pensamientos más íntimos,personal
840,Tengo miedo a ser juzgado por lo que pienso ,personal
841,Tengo miedo a ser juzgado por lo que digo,personal
842,tengo miedo a ser juzgado por lo que hago,personal
843,Tengo miedo a ser juzgada por lo que pienso ,personal
844,Tengo miedo a ser juzgada por lo que digo,personal
845,tengo miedo a ser juzgada por lo que hago,personal
846,"He desarrollado mi carrera combinando creatividad, humor y expresión personal.",trabajo
847,Mi mamá influyó mucho en mi forma de ver las relaciones,familiar
848,Mi mamá es muy directa con sus opiniones,familiar
849,Mi papá influyó mucho en mi forma de ver las relaciones,familiar
850,Mi papá es muy directa con sus opiniones,familiar
851,"Mi padres no me dejan tener novio, son muy estrictos",familiar
852,Mis papás fueron muy rudos conmigo durante mi adolescencia,familiar
853,Mis papás son rudos conmigo,familiar
854,Mi papá no es muy comprensivo,familiar
855,Mi mamá no es muy comprensiva,familiar
856,Siento que mi papá no me dice toda la verdad,familiar
857,Siento que mi mamá no me dice toda la verdad,familiar
858,No se me permite salir ni convivir libremente con hombres,familiar
859,Comparaba mi situación con la de mi hermana,familiar
860,Desde joven me atraían personas que parecían emocionalmente imposibles.,amorosa
861,Creo que mi amor puede cambiar a una persona,amorosa
862,se que puedo cambiar a mi novio,amorosa
863,se que puedo cambiar a mi novia,amorosa
864,No tengo amor propio,personal
865,priorizo escuchar y apoyar a quien me gustaba aunque eso me lastimara,amorosa
866,idealizo el amor,amorosa
867,Deseaba profundamente que alguien me quisiera,amorosa
868,Siento que ocupo tener pareja para sentirme completo,amorosa
869,Siento que ocupo tener pareja para sentirme completa,amorosa
870,Me preocupa el no ser querido,amorosa
871,Me preocupa el no ser querida,amorosa
872,Me preocupa la idea de envejecer solo,amorosa
873,Me preocupa la idea de envejecer sola,amorosa
874,Mis emociones son dificiles de manejar,personal
875,cuando me enojo exploto,personal
876,Me preocupa mucho el como me veo,personal
877,vivo con inseguridad sobre mi apariencia,personal
878,No me gusta como me veo,personal
879,siento confunsion sobre lo que quiero,personal
880,Aprendí desde joven a escribir como forma de expresión,trabajo
881,Desde temprana edad desarrollé habilidades creativas como la escritura y el dibujo,trabajo
882,Tenía disciplina para dedicar tiempo a actividades creativas,trabajo
883,Escribir me ayuda a expresar mis sentimientos,amorosa
884,Crecí en un entorno donde mi mamá controlaba mucho mis relaciones sentimentales,familiar
885,Crecí en un entorno donde mi papá controlaba mucho mis relaciones sentimentales,familiar
886,En mi casa había reglas estrictas sobre tener novio,familiar
887,Mi familia prioriza primero la escuela a todo lo demas,familiar
888,Mi familia veía con preocupación el tema del embarazo adolescente,familiar
889,Los miedos de mis padres influyeron en mis libertaddes,familiar
890,Mis decisiones amorosas estaban muy condicionadas por las normas familiares,amorosa
891,siento que mi familia me limita emocionalmente,familiar
892,Desde muy joven tenía una fuerte necesidad de tener novio,amorosa
893,Idealizaba el amor,amorosa
894,Me enamoraba de personas que apenas conocía,amorosa
895,Me enamoraba de personas con quienes no hablaba,amorosa
896,Vivía el amor de forma platónica por mucho tiempo,amorosa
897,Soñaba con casarme incluso desde la infancia,amorosa
898,Sueño con casarme,amorosa
899,Me ilusionaba por todo,amorosa
900,Me siento confundida cuando me gustaban varias personas al mismo tiempo,amorosa
901,Me siento confundido cuando me gustaban varias personas al mismo tiempo,amorosa
902,Deseaba profundamente sentirme elegida,amorosa
903,Deseaba profundamente sentirme correspondida,amorosa
904,Me aferraba emocionalmente a personas que no estaban disponibles,amorosa
905,Me involucré emocionalmente con alguien que tenía pareja,amorosa
906,Me cuesta soltar relaciones incluso cuando eran inestables,amorosa
907,Expreso mi amor de forma exagerada o cursi,amorosa
908,Me encierro en mi imaginacion a menudo,personal
909,Rogaba a personas para que fuera mi novio,amorosa
910,Rogaba a personas para que fuera mi novia,amorosa
911,Deseaba profundamente sentirme elegido,amorosa
912,Deseaba profundamente sentirme correspondido,amorosa
913,generalmente no me siento correspondida cuando yo me entrego totalmente,amorosa
914,Proceso mis emociones escribiendo un diario,personal
915,Idealizar es una forma de protegerme del rechazo.,personal
916,Me siento confundida sobre lo que quería emocionalmente,personal
917,Prefería soñar con el amor antes que enfrentarlo,personal
918,Construyo narrativas románticas para sentirme especial,personal
919,Me costaba socializar directamente con las personas que me gustaban,amorosa
920,Mi prioridad durante muchos años fue cumplir con la escuela,trabajo
921,Mi proceso de maduración emocional estuvo ligado a mi formación académica,trabajo
922,en mi escuela son muy exigentes,trabajo
923,siento que mi novia no me apoya,amorosa
924,siento que mi novio no me apoya,amorosa
925,Mi novia me deja abajo en los proyectos,amorosa
926,Mi novio me deja abajo en los proyectos,amorosa
927,Me voy a casar,amorosa
928,Hice que una persona terminara su relacion por mi,amorosa
929,yo siempre he sido una niña muy gritona,personal
930,extraño mucho a mi ex,amorosa
931,Hacía muchas cosas a escondidas por miedo a la reacción de mi mamá,familiar
932,Mi mamá cuestionaba mis decisiones,familiar
933,Mi papá cuestionaba mis decisiones,familiar
934,Mi mamá siempre estuvo presente,familiar
935,Mi papá siempre estuvo presente,familiar
936,Mis padres siempre estuvieron presentes,familiar
937,Mis padres no me apoyaban en mis decisiones vocacionales,familiar
938,Mi hermana fue un apoyo emocional importante,familiar
939,Mi hermano fue un apoyo emocional,familiar
940,Mi hermano me apoyo mucho,familiar
941,Mi hermana me apoyo mucho,familiar
942,Mi familia me inculco muchos miedos,familiar
943,Siento que me falta apoyo de mis padres muchas veces,familiar
944,Viví una ruptura amorosa justo antes de entrar a la universidad,amorosa
945,Comenze una una etapa con el corazon roto,amorosa
946,Entré a una nueva etapa académica con el corazón roto,amorosa
947,entre a la universidad con el corazon roto,amorosa
948,Me enamoraba casi de cualquiera,amorosa
949,idealizo a las personas,amorosa
950,idealizo a mis crushes,amorosa
951,Me enamoro solo con miradas,amorosa
952,Sentía ilusión intensa aunque nunca hubiera una relación real,amorosa
953,Deseaba que una historia amorosa se diera,amorosa
954,Me gustaba alguien durante años sin que hubiera contacto real,amorosa
955,El ultimo amor que tuve dolio muchisimo,amorosa
956,He tenido miedo de volver a sentir tanto como antes,amorosa
957,En algún momento dejé de permitirme sentir para evitar el dolor,amorosa
958,Amar es muy dificil,amorosa
959,Aun sigo buscanddo el amor,amorosa
960,Hoy sigo buscando el amor,amorosa
961,intento reflexionar de la vida,personal
962,intento decidir que quiero hacer con mi vidad,personal
963,Dejé de ser tan tímida con el paso del tiempo.,personal
964,Aprendí a escuchar a las personas sin sentir miedo,personal
965,siento miedo el platicar con personas,personal
966,Sentía frustración por no poder hacer cosas simples que deseaba,personal
967,Busco superarme,personal
968,Intento protegerme del dolor todo lo que puedo,personal
969,me cerre emocionalmente,personal
970,Con el tiempo me fui cerrando emocionalmente,personal
971,Entré a la universidad a los diecisiete años.,trabajo
972,Entré a la universidad ,trabajo
973,Estudié Literatura dramática y teatro,trabajo
974,Elegí una carrera artística a pesar de la oposición de mis padres,trabajo
975,Elegi una carrera que mis padres dijieron que no tiene futuro,trabajo
976,La creación artística ha sido una forma de procesar mis experiencias personales,trabajo
977,"Trabajo en comedia, impro y creación escénica",trabajo
978,Mi vida emocional influye directamente en mi trabajo artístico,trabajo
979,Siento que mis papás influyeron negativamente en muchas cosas de mi formación,familiar
980,Cuantos problemas mios vienen desdde que yo era niño,familiar
981,Mis padres me dejaron solo mucho tiempo cuando era niño,familiar
982,Crecí en un entorno donde pasaba mucho tiempo sin compañía familiar,familiar
983,Mi mamá solía ver documentales que me generaban desconfianza hacia la autoridad,familiar
984,Mi abuelo tuvo una influencia importante en lo que consumía,familiar
985,Mi papá solía ver documentales que me generaban desconfianza hacia la autoridad,familiar
986,Mi abuela tuvo una influencia importante en lo que consumía,familiar
987,Desde niño me acostumbré a entretenerme solo,familiar
988,Me averguenza cometer errores,personal
989,He trabajado en escenarios y espacios públicos de comedia,trabajo
990,Mi infancia fue distinta a otros,personal
991,Mi carrera se ha construido a lo largo de muchos año,trabajo
992,mi equipo no me ayuda,trabajo
993,me siento abrumado por toda la carga de trabajo que tengo,trabajo
994,vamos atrasados en el trabajo y eso me estresa,trabajo
995,no se me da ser un buen lider de equipo,trabajo
996,me da pena dar ordenes,trabajo
997,siento que mi equipo se va a molestar si les pido avances,trabajo
998,ocupamos avanzar muy rapido y es muy estresante,trabajo
999,tengo el tiempo contado en el trabajo,trabajo
1000,me falta seguridad al tomar decisiones que impacten el trabajo,trabajo
1001,me llaman por un apodo que no me gusta mucho,personal
1002,Ya siento que no puedo ser tan sarcastico,personal
1003,hago sentir mal a la gente sin querer,personal
1004,En la familia de mi mamá la carrilla es la principal forma de comunicación,familiar
1005,Aprendí a comunicarme con mi mamá a través de bromas,familiar
1006,Me comunico mejor con bromas,personal
1007,En la familia de mi papá la carrilla es la principal forma de comunicación,familiar
1008,Aprendí a comunicarme con mi papá a través de bromas,familiar
1009,Mi familia me enseño a comunicarme a base del humor,familiar
1010,Mi familia reforzó que la burla fuera una forma válida de expresar afecto,familiar
1011,siempre fui catalogado como el chistoso,personal
1012,Me costo elegir que quiero ser,trabajo
1013,Aun no se a que me quiero dedicar,personal
1014,Desarrollé una obsesión profunda por la comedia,personal
1015,Pasé mucho tiempo solo,personal
1016,Desde joven supe que mi prioridad era provocar risa,personal
1017,Ya no me da pena tan facil,personal
1018,Me apeno muy facil,personal
1019,Desde la secundaria supe que quería dedicarme a la comedia,trabajo
1020,Elegí la comedia como proyecto de vida,trabajo
1021,me preocupaba que a lo que me dedicara me diera para vivir,trabajo
1022,me forme consumiento teatro,trabajo
1023,No quiero trabajar en una oficina,trabajo
1024,No me gusta la idea de un trabajo godin,trabajo
1025,Mi objetivo profesional siempre ha sido hacer reír a la gente,trabajo
1026,Estudié comunicación,trabajo
1027,Estudie programacion,trabajo
1028,A pesar de mi preparación académica termine trabajando de otras cosas,trabajo
1029,No disfruté la universidad,trabajo
1030,he participado en muchos proyectos,trabajo
1031,He entrenado mi sensibilidad profesional a través de la observación del cringe social,trabajo
1032,No me va muy bien en mi trabajo,trabajo
1033,Mi papá es siempre esta muy presente en mi vida,familiar
1034,Mi mamá es siempre esta muy presente en mi vida,familiar
1035,Mi relación con mi familia aparece como un respaldo emocional,familiar
1036,llegue a mi trabajo como si supiera todo y vi que no se nada,trabajo
1037,seguir mi sueño no me da de comer,trabajo
1038,trabajar de lo que me gusta no me mantiene con una buena calidad de vida,trabajo
1039,ese día me salí del trabajo para ir a promocionar mi disco,trabajo
1040,Falle en un escenario y me awuite mucho,trabajo
1041,en esa ocacion experimente la muerte del ego,personal
1042,Me enfrenté al silencio y a la incomodidad como parte del aprendizaje,personal
1043,Empecé en la comedia creyendo que ya dominaba el oficio,trabajo
1044,Empece a ejercer pensando que ya dominaba todos los temas,trabajo
1045,Fracasé públicamente frente a un público,trabajo
1046,Me di cuenta de que necesitaba aprender a escribir comedia desde cero,trabajo
1047,Tenía un empleo formal mientras intentaba desarrollarme como comediante,trabajo
1048,Viví el miedo de quedar marcado como alguien que fracasó en el trabajo,trabajo
1049,Empece a trabajar de manera mas disciplinada,trabajo
1050,Viví de un sueldo muy bajo haciendo lo que me gustaba,trabajo
1051,Acepté una vida económica limitada con tal de perseguir mi vocación artística,trabajo
1052,Me sentí incómodo promoviendo mi propio trabajo,trabajo
1053,me da vergüenza promover mi trabajo,trabajo
1054,Me sali de mi trabajo para ejercer lo que queria,trabajo
1055,"Mi trabajo consiste en observar, interpretar y transformar experiencias en comedia",trabajo
1056,Vivo una tensión constante entre burlarme y respetar lo que observo,trabajo
1057,me preocupa avergonzar a mi familia,familiar
1058,Me preocupa que mi mamá vea momentos incómodos míos en medios públicos,familiar
1059,pienso en que dira mi familia y salgo ridiculizado,familiar
1060,Crecí con una conciencia fuerte de cómo mi familia podía juzgar lo que hago,familiar
1061,Mi familia es muy juzgona,familiar
1062,lo que opine mi madre es lo correcto,familiar
1063,lo que opine mi padre es lo correcto,familiar
1064,Mi vida amorosa no es un eje central en mis decisiones actuales.,amorosa
1065,Reflexiono sobre la paternidad,amorosa
1066,No me gusta la idea de formar una familia,amorosa
1067,Veo la idea de tener hijos más como una carga,amorosa
1068,Me preocupa cómo me perciben los demás,personal
1069,Siento ansiedad al pensar que personas de mi entorno laboral se burlen de mí.,trabajo
1070,No me gustar compartir con nadie mis experiencias,personal
1071,Aprendí a mantener la compostura en situaciones caóticas,personal
1072,me dan ganas de uir en situaciones caoticas,personal
1073,me paralizo de la vergüenza,personal
1074,Me preocupa cómo me perciben en mi trabajo,trabajo
1075,Pienso en si mis compañeros de trabajo se estarán burlando de mí,trabajo
1076,Oculté deliberadamente mi experiencia mediática en el trabajo,trabajo
1077,no les contaba a mi compañeros del trabajo a lo otro que me dedicaba,trabajo
1078,Me afectó emocionalmente una experiencia profesional expuesta al público,trabajo
1079,He aprendido a manejar entrevistas difíciles,trabajo
1080,Me pongo muy nervioso durante las entrevistas,trabajo
1081,Uso recursos profesionales para sostener entrevistas,trabajo
1082,si no tuviera algo de experiencia ya habria abandonado mi trabajo,trabajo
1083,Mi trabajo requiere mantener la calma frente a varias personas,trabajo
1084,Participo en proyectos musicales y creativos aparte de mi trabajo,trabajo
1085,Mi trabajo implica exponerse públicamente,trabajo
1086,Valoro el apoyo de comunidades en mi trabajo,trabajo
1087,He aprendido a capitalizar momentos incómodos,trabajo
1088,me quedo paralizado ante el publico muchas veces,trabajo
1089,Ya tenía ahí mis estrategias para salirme de la oficina,trabajo
1090,Mi hija se embarazo para atrapar un hombre,amorosa
1091,me gustaria escribir para programas grandes,trabajo
1092,estoy embarazada,amorosa
1093,me siento un chiste,personal
1094,recí en una familia donde casi no se demostraba el afecto,familiar
1095,Sentí durante muchos años que mi papá no estaba orgulloso de mí,familiar
1096,Sentí durante muchos años que mi mamá no estaba orgulloso de mí,familiar
1097,Mi mamá siempre me defendió y me enseñó a respetar a mi papá,familiar
1098,Mi papá siempre me defendió y me enseñó a respetar a mi mamá,familiar
1099,Me costaba comunicarme emocionalmente con mi papá,familiar
1100,Me costaba comunicarme emocionalmente con mi mamá,familiar
1101,Tengo una relacion distante con mi papá,familiar
1102,Tengo una relacion distante con mi mamá,familiar
1103,Con mi papá solo hablábamos lo mínimo,familiar
1104,Mi mamá me inculcó no hablar mal de mi papá,familiar
1105,Mi papá queria que fuera otra cosa a lo que soy,familiar
1106,Yo no cumplo con los rasgos de masculinidad que mi padre espera,familiar
1107,Viví una infancia donde el miedo y la autoridad eran constantes en casa,familiar
1108,Mi papá toma mucho,familiar
1109,Me sentía intimidado al acercarme a mi papá cuando trabajaba,familiar
1110,Comparé muchas veces la relación que mi papá tenía conmigo y con mi hermana,familiar
1111,Mi papá nos trata muy diferentes a mi hermano y a mi,familiar
1112,Por fin mi padre me reconocio,familiar
1113,Mi mamá nos trata muy diferentes a mi hermano y a mi,familiar
1114,Por fin mi familia me reconocio,familiar
1115,Tardé mucho tiempo en tener relaciones de pareja,amorosa
1116,Sentí presión por no haber tenido novia durante mi juventud,amorosa
1117,Me cuestionaron mi orientación sexual por no tener pareja,amorosa
1118,Mi inseguridad física influyó en mi vida amorosa,amorosa
1119,Por ser gordo no tengo pareja,amorosa
1120,Aprendí a hablar de mis relaciones de pareja en terapia,amorosa
1121,Mi relación con mi esposa ha sido clave para enfrentar mis problemas,amorosa
1122,Mi pareja me impulso a buscar ayuda,amorosa
1123,mi infancia afecta mis relaciones sentimentales,amorosa
1124,siento que por ser feo no atraigo a nadie,amorosa
1125,Fui diagnosticado con depresión mientras seguía trabajando,personal
1126,Me costó aceptar que tenía problemas de salud mental,personal
1127,Encontré refugio emocional en la comida,personal
1128,Tengo ataques de ansiedad y panico,personal
1129,Durante mucho tiempo minimicé mis emociones,personal
1130,Me resistí a ir a terapia porque no creía en ella,personal
1131,Me cuesta expresar tristeza o miedo sin recurrir al chiste,personal
1132,el humor ha sido mi mecanismo de defensa principal,personal
1133,Cargo con rencores hacia mi familia,familiar
1134,Cargo con rencores hacia ciertas personas de mi trabajo,trabajo
1135,Continué trabajando a pesar de estar deprimido,trabajo
1136,Mi trabajo me exigió desvelos y sacrificar tiempo con mi familia,trabajo
1137,He dejado de ver a mis hijos por cumplir compromisos laborales,trabajo
1138,No veo tanto a mis hijos por trabajar,trabajo
1139,Por mi trabajo hago muchos sacrificios,trabajo
1140,He sentido presión por mantener una imagen fuerte,trabajo
1141,Por mi trabajo no podia cuidar mi salud mental,trabajo
1142,Convertí experiencias traumáticas en parte de mi desarrollo profesional.,trabajo
1143,He luchado por sentirme valorado dentro de mi propio entorno,trabajo
1144,He aprendido a transformar mis inseguridades en herramientas laborales,trabajo
1145,Mi identidad profesional se formó en contraste con las expectativas de mi papá,trabajo
1146,me dan ataques de ansiedad constantes,personal
1147,me da ansiedad pensar en mi futuro,personal
1148,creo que no voy a tener un futuro brillante,personal
1149,No le hablo a mi papá,familiar
1150,siento que mi padre rompio nuestra relacion,familiar
1151,No le hablo a mi mamá,familiar
1152,siento que mi padre rompio nuestra relacion,familiar
1153,no hablo de emociones con mi papa,familiar
1154,Mi papá era un señor a la antigua,familiar
1155,soy la decepccion de mi padre,familiar
1156,mi papá y yo no hablamos mucho,familiar
1157,a mi papá le daba vergüenza que cantara,familiar
1158,el hambiente de mi casa no es muy agradable,familiar
1159,prefiero estar en otro lado que en mi casa,familiar
1160,prefiero estar solo que con mi familia,familiar
1161,Mi papá me trata como si fuera adoptado,familiar
1162,Siempre sentí que mi papá era muy distinto al de mi hermana,familiar
1163,llegue a desear tener otro papá,familiar
1164,llegue a desear tener otra mamá,familiar
1165,Siempre sentí que mi mamá era muy distinto al de mi hermano,familiar
1166,Comparé constantemente el trato que mi papá tenía con mi hermana y conmigo,familiar
1167,Nunca conectamos mi papá y yo,familiar
1168,en mi casa no era comun expresar afecto,familiar
1169,en mi casa no era comun expresar sentimientos,familiar
1170,Mi papá me generaba miedo,familiar
1171,Mi papá tenía una figura autoritaria que me generaba miedo.,familiar
1172,Crecí en un ambiente familiar donde no era común expresar afecto.,familiar
1173,no me siento comprendido en mi familia,familiar
1174,Sentí que mi papá tenía expectativas sobre mí que nunca cumplí.,familiar
1175,Mi papá me puso expectativas realmente imposibles,familiar
1176,Tengo muchos años de convivencia diaria con mi esposa,amorosa
1177,Ya no me asustan tanto las discuciones en el matrimonio,amorosa
1178,discutí con mi novia,amorosa
1179,discutí con mi novio,amorosa
1180,me duermo enojado con mi pareja constantemente,amorosa
1181,mi pareja percibe mis estados de ánimo antes de que yo los exprese,amorosa
1182,Intento comunicarme constantemente con mi pareja,amorosa
1183,el matrimonio implica conflictos silenciosos y acuerdos implícitos,amorosa
1184,Me cuesta apoyarme emocionalmente en mis amistades,personal
1185,No me sentí comprendido cuando hablé con mis amigos,personal
1186,mis amigos minimizaron mis problemas,personal
1187,Me sentí solo al enfrentar la ansiedad y la depresión,personal
1188,siento que no hay nadie que me pueda apoyar emocionalmente,personal
1189,He cambiado mi círculo social con el paso del tiempo,personal
1190,he cambiado de amistades muchas veces,personal
1191,No entiendo a mis hijos,familiar
1192,Mi trabajo ha definido con quién convivo,trabajo
1193,Perdí contacto con amistades porque mis horarios laborales no coincidían.,trabajo
1194,Ya no me junto con mis amigos por mis horarios del trabajo,trabajo
1195,Trabajo principalmente los fines de semana.,trabajo
1196,Mi profesión influyó en la reducción de mi círculo social,trabajo
1197,Utilizo mis experiencias personales como material para mi trabajo,trabajo
1198,Mi actividad profesional se mezcla con mis relaciones sociales,trabajo
1199,me separe dde mis amistades por los horarios laborales diferentes,trabajo
1200,me da envidia la gente joven,personal
1201,Tengo una relación cercana con mi esposa,amorosa
1202,En mi familia usamos el humor para sobrellevar momentos incómodos,familiar
1203,Mis hijos se ríen conmigo cuando hago bromas,familiar
1204,Me esfuerzo por seguir siendo una figura divertida,familiar
1205,me esfuerzo por ser una figura presente en la vida de mis hijos,familiar
1206,Mi familia se burla de mí cuando me pasa algo,familiar
1207,Mi esposa me apoya cuando tengo problemas físicos,familiar
1208,Mi esposa me apoya cuando tengo problemas emocionales,familiar
1209,En casa nos cuidamos mutuamente cuando alguno se lastima,familiar
1210,Mi esposo me apoya cuando tengo problemas físicos,familiar
1211,Mi esposo me apoya cuando tengo problemas emocionales,familiar
1212,Comparto momentos íntimos y de confianza con mi familia cercana.,familiar
1213,confio mucho en mi familia,familiar
1214,convivo diariamente con mi esposa,amorosa
1215,convivo diariamente con mi esposo,amorosa
1216,Mi esposa intenta disimular situaciones incómodas frente a otras parejas.,amorosa
1217,Mi relación de pareja enfrenta momentos incómodos en contextos sociales,amorosa
1218,A veces me siento incómodo cuando otras parejas hablan de su intimidad frente a nosotros,amorosa
1219,me incomoda saber la intimidad de otras parejas,personal
1220,Mi esposa y yo usamos el humor para manejar tensiones en nuestra relación.,amorosa
1221,Comparo muchas veces mi relacion con otras,amorosa
1222,Mi vida amorosa convive con el cansancio,amorosa
1223,mi pareja y yo hablamos constantemente,amorosa
1224,Me incomodan los comentarios sexuales,personal
1225,no tengo control sobre mi imaginacion,personal
1226,ciertas conversaciones me generan incomodidad,personal
1227,Uso el humor para manejar situaciones incómodas,personal
1228,Me burlo de mí mismo,personal
1229,se que tengos muchos defector en como soy,personal
1230,no tengo defectos en mi forma de ser,personal
1231,algunas personas se queden dormidas durante mis shows.,trabajo
1232,No me tomo personal las reacciones del público durante mi trabajo,trabajo
1233,me tomo personal como reacciona el cliente ante mi trabajo,trabajo
1234,llego tarde al trabajo generalmente,trabajo
1235,llego tarde a todos lados,trabajo
1236,no me gustar ver coquetear a otras parejas,personal
1237,me divierto mucho con mis hijos,familiar
1238,En mi infancia le tenía mucho miedo a la reacción de mi padre cuando me metía en problemas,familiar
1239,siempre me dio miedo las reacciones de mi padre,familiar
1240,no lo queria ocacionar ningun problema a mis padres,familiar
1241,mi papá es muy explosivo cuando se enoja,familiar
1242,La relacion con mi padre esta basada en el temor al castigo,familiar
1243,Mi relación con mi padre estaba marcada por la autoridad,familiar
1244,Mi madre intentaba protegerme,familiar
1245,mi madre intentaba ayudarme a resolver los conflictos familiares,familiar
1246,En mi familia recurríamos a mentiras para evitar problemas,familiar
1247,en mi familia son muy mentirosos,familiar
1248,Consideré seriamente irme de mi casa,familiar
1249,Mi madre estuvo dispuesta a apoyarme incluso cuando implicaba ocultar la verdad.,familiar
1250,pense que decepcionar a mi padre tendria consecuencias,familiar
1251,no me gustaba la idea de decepcionar a mi padre,familiar
1252,Mi familia influyó mucho en cómo aprendí a enfrentar el miedo,familiar
1253,Me sentí solo y vulnerable al enfrentar problemas escolares dentro de mi familia.,familiar
1254,ocupaba leer como estaba mi padre para saber si le contaba algo,familiar
1255,mi padre no me ponia atencion,familiar
1256,mi madre no me ponia atencion,familiar
1257,Me cuesta controlar la risa,personal
1258,Tengo una mente muy activa que genera pensamientos involuntarios,personal
1259,He enfrentado ansiedad intensa en situaciones de autoridad,personal
1260,Aprendí a improvisar mentiras rápidamente,personal
1261,Me acostumbre a mentir para protegerme,personal
1262,desarrolle estrategias para salir de problemas rapido,personal
1263,Me siento dividido entre decir la verdad y sobrevivir a las consecuencias.,personal
1264,Me siento dividido entre decir la verdad o mentir,personal
1265,Experimento culpa incluso cuando logro evitar un castigo.,personal
1266,me siento culpable cuando miento,personal
1267,pienso que ser agresivo me hara mas atractivo,personal
1268,Aprendí a callar pensamientos para evitar empeorar los conflictos.,personal
1269,aprendi a no sentir emociones para sobrevivir,personal
1270,No expreso nada hasta que explota,personal
1271,siento que no tengo amigos verdaderos,personal
1272,no me siento parte del grupo de la escuela,trabajo
1273,me he planteado irme de la casa,familiar
1274,mi papá valora mucho el concepto de ser masculino,familiar
1275,Crecí con la idea de que el castigo físico por parte de mis padres era algo normal,familiar
1276,Mi madre era una figura de autoridad que imponía castigos,familiar
1277,en mi familia odian las mentiras,familiar
1278,Desde niño percibí que mi padre era más duro y agresivo que mi madre.,familiar
1279,mi padre es muy agresivo,familiar
1280,Normalicé la violencia como parte de la dinámica familiar,familiar
1281,por ser hombre me enseñaron a no llorar,familiar
1282,Mi percepción de protección familiar estaba ligada a quién podía hacerme menos daño,familiar
1283,de niño no desarrollé vínculos amorosos,amorosa
1284,la manera que vi relacionarse a mis padres es como entendi el amor,amorosa
1285,siempre crei que el amor no se expresa de manera suave,amorosa
1286,generalmente hago preguntas incomodas sin querer,personal
1287,Tengo dificultad para quedarme con dudas,personal
1288,ofendo a mucha gente por accidente,personal
1289,La infancia me expuso temprano a realidades duras como la pobreza,personal
1290,vivi en pobresa desde niño,familiar
1291,me da miedo escuchar una respuesta que se me va a lastimar,personal
1292,me siento solo aun cuando estoy con mi pareja,amorosa
1293,mi pareja no me apoya,amorosa
1294,siento que mi pareja no me quiere,amorosa
1295,aunque expreso como me siento mi pareja me ignora,amorosa
1296,mi pareja aveces minimiza como me siento,amorosa
1297,me enseñaron desde muy joven que no debo de sentir miedo,familiar
1298,Por experiencias pasadas no le hablo a mi padre sobre mis sentimientos,familiar
1299,me enseñaron que mostrar miedo es signo de debilidad,familiar
1300,todos se burlan de mi cuando muestro debilidad,personal
1301,mi padre me educo a gritos,familiar
1302,siento que nunca estuve a la altura de lo que mi padre esperaba,familiar
1303,mi madre me educo a gritos,familiar
1304,siento que nunca estuve a la altura de lo que mi madre esperaba,familiar
1305,Mis padres se separaron,familiar
1306,Despues de la separacion me senti mas solo,familiar
1307,tengo una relación distante con mi padre.,familiar
1308,Mi padre cayo enfermo de una enfermedad grave,familiar
1309,Mi madre cayo enfermo de una enfermedad grave,familiar
1310,Me logre relonciliar con mi padre,familiar
1311,Me logre relonciliar con mi madre,familiar
1312,La muerte de mi padre me hizo sentir que lo perdía otra vez,familiar
1313,Mi padre fallecio,familiar
1314,Mi madre fallecio,familiar
1315,Mi abuela fallecio,familiar
1316,Mi abuelo fallecio,familiar
1317,No se lidiar con la muerte de un familiar,familiar
1318,Hoy entiendo que mi padre hizo lo mejor que pudo con las herramientas que tenía.,familiar
1319,Me considero un mejor padre de lo que mi padre fue conmigo,familiar
1320,Deseo que mis hijos vivan una vida mejor que la que yo tuve.,familiar
1321,Aprendí que no vale la pena guardar rencores familiares.,familiar
1322,Me afecta profundamente la pérdida de personas importantes en mi vida,personal
1323,Me esfuerzo por no repetir los patrones de violencia,personal
1324,No se si estoy viviendo como realment quiero,personal
1325,Me cuesta aceptar quien soy,personal
1326,Me cuesta expresar mis emociones abiertamente.,personal
1327,Mi relación con mi esposa ha sido un pilar fundamental en momentos difíciles,amorosa
1328,Mi esposa me ayudo en momentos muy dificiles,amorosa
1329,Mi relación con mi esposo ha sido un pilar fundamental en momentos difíciles,amorosa
1330,Mi esposo me ayudo en momentos muy dificiles,amorosa
1331,Encontré en la familia de mi esposa un apoyo que no siempre tuve en la mía,amorosa
1332,la familia de mi pareja me a apoyado mas que la mia,amorosa
1333,Mi suegro fue una figura paterna muy importante,amorosa
1334,La muerte de mi suegro me afectó emocionalmente como si fuera mi propio padre,amorosa
1335,Ya puedo construir vinculos afectivos que me puedan apoyar,amorosa
1336,Mi esposa me confronta cuando detecta errores que necesito trabajar.,amorosa
1337,Mi esposa me resalta errores que necesito modificar,amorosa
1338,Ya puedo escuchar mejor lo que me dice mi pareja,amorosa
1339,Mi esposo me confronta cuando detecta errores que necesito trabajar.,amorosa
1340,Mi esposo me resalta errores que necesito modificar,amorosa
1341,El dolor compartido fortaleció mi relación amorosa,amorosa
1342,Mi pareja y yo compartimos el dolor,amorosa
1343,Mi matrimonio me da mucha estabilidad emocional,amorosa
1344,trabaje desde joven para pagar mi escuela,trabajo
1345,senti frustacion por no trabajar en lo que queria,trabajo
1346,He sentido frustración por no dedicarme originalmente a lo que soñaba,trabajo
1347,Elegí mi carrera artística más por necesidad,trabajo
1348,No me siento comodo con mi identidad profesional,trabajo
1349,Un comentario despectivo sobre mi trabajo me afectó profundamente.,trabajo
1350,He continuado trabajando incluso en medio del duelo personal.,trabajo
1351,Aunque no este en mis mejores momentos sigo trabajando,trabajo
1352,Aceptar mi profesión me permitió reconciliarme conmigo mismo,trabajo
1353,Ya no me afectan tanto los comentarios del trabajo,trabajo
1354,El cariño que me daban mis padres dependia de mi desempeño,familiar
1355,Me dolió darme cuenta de que esperé demasiado para reconciliarme con mi padre.,familiar
1356,Nose porque no intentaba reconciliarme con mi padre,familiar
1357,No quiero intentar reconciliarme con mi padre,familiar
1358,La muerte de mi padre me dejó asuntos emocionales inconclusos,familiar
1359,Entendi que mis padres tambien arrastraban algunos traumas,familiar
1360,Nose porque mis padre me tuvieron si no me quieren,familiar
1361,Sentí culpa por no haber sido un mejor hijo,familiar
1362,Sentí culpa por no haber sido una mejor hija,familiar
1363,el amor parental no siempre sabe expresarse correctamente.,familiar
1364,busco una relación más abierta y afectiva con mis hijos,familiar
1365,mi pareja me confronta con aspectos que necesito mejorar,amorosa
1366,No supe valorar el apoyo que me daba mi esposa,amorosa
1367,No supe valorar el apoyo que me daba mi esposo,amorosa
1368,Mi matrimonio se fortaleció en medio del dolor,amorosa
1369,Mi esposa me ayudó a reflexionar sobre mis relaciones familiares,amorosa
1370,Entendí que el amor también implica señalar verdades incómodas,amorosa
1371,valoro la estabilidad emocional que me da mi vida en pareja.,amorosa
1372,Mi trabajo se convirtió en una extensión de mis conflictos personales,trabajo
1373,Durante años sentí rechazo hacia mi propia profesión.,trabajo
1374,siento rechazo hacia mi propia profesion,trabajo
1375,Me costó aceptar mi identidad profesional,trabajo
1376,senti que mi trabajo no era valorado,trabajo
1377,rechazo mi trabajo,trabajo
1378,la disciplina en mi trabajo me hizo seguir en el,trabajo
1379,solo escucho reseñas negativas de donde quiero ir a trabajar,trabajo
1380,me catalogan en una etiqueta que no me gusta por lo que estudie,trabajo
1381,ocupo demostrar que soy suficiente en mi trabajo,trabajo
1382,cuántos amigos no perdí contacto por huevón de no levantar el teléfono,personal
1383,me llevo muy mal con mi suegro,familiar
1384,me llevo muy mal con mi suegra,familiar
1385,"mi papá, con los años cambió un mucho",familiar
1386,Mi papá me desconocio,familiar
1387,Mi mamá me desconocio,familiar
1388,me esfuerzo en ser como mi papá,familiar
1389,me esfuerzo en ser como mi papá,familiar
1390,No sabes el horror que es ser tu hijo,familiar
1391,No sabes el horror que es ser tu hija,familiar
1392,yo no estoy a la altura de ser tu hijo,familiar
1393,no me siento a la altura de mi padre,familiar
1394,yo no estoy a la altura de ser tu hija,familiar
1395,no me siento a la altura de mi madre,familiar
1396,Mi mamá no me quiere,familiar
1397,Mi papá no me quiere,familiar
1398,esque esa es la unica manera que me enseño mi familia,familiar
1399,He permanecido en relaciones que ya estaban rotas por miedo a soltar,amorosa
1400,me da miedo soltar mis relaciones,amorosa
1401,Defendí relaciones amorosas aun cuando ya me lastimaban,amorosa
1402,Mi novia es el que tiene toda la culpa de la ruptura,amorosa
1403,Mi novio es el que tiene toda la culpa de la ruptura,amorosa
1404,Justifiqué infidelidades por apego emocional.,amorosa
1405,prefieron que me engañen a que estar sola,amorosa
1406,"Esque aun quiero a mi novio, aunque me engaño",amorosa
1407,Me dejaron plantada en momentos importantes,amorosa
1408,Normalicé la infidelidad como algo que podía perdonarse,amorosa
1409,Normalicé la infidelidad como algo que podía perdonarse,amorosa
1410,Mi novio no me tenia respeto,amorosa
1411,Mi novia no me tenia respeto,amorosa
1412,Idealicé parejas que no me trataban con honestidad,amorosa
1413,Me involucré con personas emocionalmente irresponsables.,amorosa
1414,He vivido relaciones que afectaron mis amistades,amorosa
1415,Mi novio me pedia que dejara de hablarle a mis amigos,amorosa
1416,bloque a varios amigos por preferir a mi novio,amorosa
1417,le deje de hablar a relaciones cercanas por mi novio,amorosa
1418,Perdí vínculos importantes por sostener una relación tóxica,amorosa
1419,Me costó reconocer cuándo una relación ya no tenía futuro,amorosa
1420,Creo que amar es aguantar todo,amorosa
1421,Me dicen que tengo un mal radar para agarrar parejas,amorosa
1422,Comencé proyectos creativos sin formación formal previa,trabajo
1423,Di cursos sin sentirme completamente preparada,trabajo
1424,Sentí el peso de la responsabilidad al influir en públicos más jóvenes,trabajo
1425,aprendo de mis errores y mejoro mis futuros trabajos,trabajo
1426,He normalizado que me mientan dentro de una relación.,amorosa
1427,en mis relaciones mienten mucho,amorosa
1428,Me he quedado en relaciones donde la infidelidad es constante,amorosa
1429,Justifiqué comportamientos tóxicos por miedo a perder a la persona,amorosa
1430,soporte comportamientos toxicos porque se que la podia cambiar,amorosa
1431,Justifiqué comportamientos tóxicos por miedo a perder a la persona,amorosa
1432,soporte que mi pareja me humillara para que ella quedara bien,amorosa
1433,soporte que mi pareja me humillara para que el quedara bien,amorosa
1434,minimize mis propios límites con tal de mantener una relación,amorosa
1435,Me acostumbré a perdonar traiciones,amorosa
1436,No le veo problema a las infidelidades,amorosa
1437,creo que el amar es aguantar todo lo que haga mi pareja,amorosa
1438,Creí que podía arreglar relaciones que ya estaban rotas,amorosa
1439,Me culpé a mí misma por las infidelidades que me hiciero,amorosa
1440,Permití que una relación afectara mis amistades,amorosa
1441,tengo una relacion que es puro drama,amorosa
1442,intente sostener mi relacion aun cuando solo yo era el que aun queria mantenerla,amorosa
1443,Defendí lo indefendible por apego emocional.,amorosa
1444,estoy muy triste porque rompi con mi novio,amorosa
1445,estoy muy triste porque rompi con mi novia,amorosa
1446,No se que sera de mi sin mi pareja,amorosa
1447,He explorado múltiples oficios buscando estabilidad financiera.,trabajo
1448,He aceptado trabajos por necesidad más que por vocación.,trabajo
1449,tiendo a romantizar a mis parejas,amorosa
1450,Empecé a trabajar por necesidad económica desde joven,trabajo
1451,Doy cursos de maquillaje,trabajo
1452,Mi trayectoria laboral ha sido resultado de ensayo,trabajo
1453,me equivoco mucho en el trabajo,trabajo
1454,nose porque me dedico a esto,trabajo
1455,me da miedo equivocarme en el trabajo,trabajo
1456,soy una facilota,amorosa
1457,Quiero destacar y ser reconocido en mi trabajo,trabajo
1458,quisiera ser mas visible en mi trabajo,trabajo
1459,quiero que todos en mi trabajo dependan de mi,trabajo
1460,He pasado gran parte de mi vida trabajando en oficinas,trabajo
1461,me siento saturado por la rutina laboral,trabajo
1462,me siento saturada por la rutina laboral,trabajo
1463,no logro balancear el trabajo y la vida persona,trabajo
1464,me molestra trabajar en equipo,trabajo
1465,La cultura godín me genera frustración,trabajo
1466,no me adapto a las reglas de una oficina,trabajo
1467,recursos humanos no me ayuda en mi trabajo,trabajo
1468,sacrifico oportunidades personales por trabajar,trabajo
1469,He trabajado sin paga por aprender,trabajo
1470,He rechazado oportunidades importantes por no soltar mi estabilidad laboral.,trabajo
1471,disfruto tener responsabilidades en un trabajo,trabajo
1472,me siento desgastado emocional por cargar problemas laborales ajenos,trabajo
1473,me siento desgastada emocional por cargar problemas laborales ajenos,trabajo
1474,tengo un amorio en mi oficina,amorosa
1475,salgo con una compañera del trabajo,amorosa
1476,me altero mucho con los conflictos de la empresa,trabajo
1477,Mi jefe abusa de su puesto y siento impotencia,trabajo
1478,no puedo hacer nada porque nadie me hace caso en mi trabajo,trabajo
1479,He tomado acciones formales para proteger la integridad del entorno laboral,trabajo
1480,acuse a mi compañero con su superior,trabajo
1481,intento mantener limites en mi trabajo,trabajo
1482,se me han insinuado muchas personas,amorosa
1483,uso el dinero como forma de seduccion,amorosa
1484,no me gusta la falsa cordialidad del trabajo,trabajo
1485,He cuestionado reglas laborales que no tienen coherencia ni ética,trabajo
1486,mi empresa no tiene etica y eso me frusta,trabajo
1487,No me pagan mi aguinaldo,trabajo
1488,He tenido conflictos por negarme a violar la confidencialidad,trabajo
1489,He enfrentado abuso de poder por parte de superiores,trabajo
1490,mis superiores abusan de su poder,trabajo
1491,me sorprendio escuchar que mi vida pertenece a la empresa,trabajo
1492,He vivido órdenes laborales impuestas sin consideración personal.,trabajo
1493,Me sentí minimizada en la empresa,trabajo
1494,Me desespera el culto a los títulos y cargos,trabajo
1495,no me gustan los convivir con mis compañeros de la empresa,trabajo
1496,no me respetan por no tener un grado academico alto,trabajo
1497,me gusta capacitar a gente nueva en la empresa,trabajo
1498,me frustra tanta burocracia en la empresa,trabajo
1499,los eventos de la empresa no me gustan,trabajo
1500,siento que mis compañeros de la empresa son muy falso y eso no me gusta,trabajo
1501,me desmotiva mi vida laboral,trabajo
1502,me desgata mucho ir a mi trabajo,trabajo
1503,no disfruto mi trabajo,trabajo
1504,el trabajo consume mi vida personal,trabajo
1505,Me molestó profundamente que minimizaran mi trabajo,trabajo
1506,intento no hacer amigos en el trabajo,trabajo
1507,la gente del trabajo que quiere ser mi amigo generalmente se quiere aprovechar de mi,trabajo
1508,Me sentí explotada profesionalmente pese a dar resultados constantes.,trabajo
1509,Pedí un aumento,trabajo
1510,renuncie porque sentia que no me valoraban,trabajo
1511,"Amaba lo que hacía, pero odiaba la cultura organizacional.",trabajo
1512,amo lo que hago,trabajo
1513,me amenazaron los de recursos humanos,trabajo
1514,me despidieron por una injusticia,trabajo
1515,me despidieron por un chisme que no fue como ocurrio,trabajo
1516,pienso que todo sacrificio laboral vale la pena,trabajo
1517,me denigraron en el trabajo por ser mujer,trabajo
1518,dicen que mi acenso lo consegui por otros medios,trabajo
